1,01,127.0.0.1,1001,LS0tLS1CRUdJTiBQVUJMSUMgS0VZLS0tLS0KTUlJQklqQU5CZ2txaGtpRzl3MEJBUUVGQUFPQ0FROEFNSUlCQ2dLQ0FRRUEySWZSblU3dEVWR3R4VWEyQWg5RwpqRmgrT3BObjhMWFovY05GNkV1SFR4U3Fhd0Z1SU1sVm1CTWlNckNIcmpEUDZCdDFVS0Q4dElRUnBLNE1lOTBKCkk0QkF6UENRc3NNMTluNTRNdVNLRTA5aG51K2VuUzdCTnJaMk13cllvaTdJVzE5MU5ERkpIQlg5dGxKcG96Tk0KRUJRaSt2RFpFYTRuVVZrRTZ1VjQ2NVFNNkdFUWl5VWtCRm5DaUVNN1dVa2xZaUFEMFhIR2RlM1czMm9NMktSTApnREdocHF2bnlkeDluR2lObTZYVmdXN2hwU0EvSGdEZmxNL2M1Y3dZc2FHWUpUdU5Oc1RLRDdlaVBmVzAweDA0Cm9POXdYT2tHN1BwN0ZBN3NDMHZvNnd3UTd0L2FrUlN1NHJrczIwM01rbk1MMGxJZkp4L3RhOHB5REZybmExRmMKRlFJREFRQUIKLS0tLS1FTkQgUFVCTElDIEtFWS0tLS0tCg==
1,02,127.0.0.1,1002,LS0tLS1CRUdJTiBQVUJMSUMgS0VZLS0tLS0KTUlJQklqQU5CZ2txaGtpRzl3MEJBUUVGQUFPQ0FROEFNSUlCQ2dLQ0FRRUF4dFFya0VOZ0NGQXp2ek1XNkh5WAo4VDcrejZjQ0VnMkxIOERTaEo2VjRjRFVZZXdhd2k3TThlVWhmRnRjcmpHYkxnS3JPV25pTVNOWFdlV2pKZW1OCndQbmVWVktpMU9JRVRsUk9xRENSdDlaMXBENEhOb0R6dWtvN0NyamNMRVhwcFA3UU1YWWIxaGN6ZGIzSFVqV2IKV0VzV1BENHZseXZMSjZpdjFnY2RQeUdjME5OYlYrVzdpalE1Zy9rVkhCRXQ1dlZidGFZSmNQNTR0OGZja1BVbAovTFpVeUEreERaeDNUK2NzNTd3QjdrWDhQa296WU41ckE1R3Y0QVlPRmFWTGVrS1NEUXE0MW5SSkMydWFlVjFtClo0akhCOEM2YW0yem8rZDQ3ZUUrNENwVmc3MVhab0wrM25sdm95aTU3N3JpVzM3cnVkeWkzcUwrbGxEWWpmVjkKN1FJREFRQUIKLS0tLS1FTkQgUFVCTElDIEtFWS0tLS0tCg==
1,03,127.0.0.1,1003,LS0tLS1CRUdJTiBQVUJMSUMgS0VZLS0tLS0KTUlJQklqQU5CZ2txaGtpRzl3MEJBUUVGQUFPQ0FROEFNSUlCQ2dLQ0FRRUFwRmd1VFpJaE10aFNWbko1U1hJRQp5T3hWNkZDODF6bGM1V2U0WEg2dmd5dkV3R2VlNHh5a0t1T2Z2ZlVTMnN0Znc1ZjdqZkRvUmVvYTNPU3RoeGdBCkoydURnSHJqZTB0Y3BScHlQKyt2K2szTHg2MityMlUxRVJJMHBnSlpsajVLZFJrK2JNRlZqdGdYaDJ6UTJNVzIKN0FZOGk3YlNMenZweHFnUW1HNEVvUVRHSzJKMTVielg1OHYvU25NVnJlbHhQWG1vc0t2Q0xEVGo5Z1NWYmpVZgpWY2hSNDBUZlBJRWt0Q0xGY2JJZWJsdTBmaElXMG1kcVdoa0pKYTVyWGtYWmpuYVNhcHhhVURMWGxnOUgyZEFnCnhHWXgzSDZ5QkNmanFtNzJ1NEFpb2hLVzdRT3gyODhPbTRtVk5YTlUvZVpYNm5QdGNKTmZxVU1vbHFsSTZRUHAKL3dJREFRQUIKLS0tLS1FTkQgUFVCTElDIEtFWS0tLS0tCg==
2,04,127.0.0.1,2001,LS0tLS1CRUdJTiBQVUJMSUMgS0VZLS0tLS0KTUlJQklqQU5CZ2txaGtpRzl3MEJBUUVGQUFPQ0FROEFNSUlCQ2dLQ0FRRUFvKzloTjNqQStsQWNLVFRJR1lUcQpQaUIyVmphbDVTYTFkdzFhWHg0bGNIRjd1NW5nK1BleGR2SGwrb1AzWldyL1hjNjVrTEVqVHEra05zSGpoM0JsCm9ZSzJ2dWtZckhNa0lvNFlNOEFpS3hvZGZhMGpxZndHRHVVOWFURC8ybllacEFSZktQblgrK2FGVkRyOHlKbTMKQTE2UU5QMzR4bXJwVnlIUHhvWmREaDRlNTNqL3hQbGlCSkJxQThtUnhoUG5mQTh1K2k1Njl2bEVJSWpYU0VGZwpadC9MeUs5WSs0dUI5MUxTaVNGaHpBYnJONVY4WGpuZGNmcDlZSlQ5eUM3SVB6UDhrblk5UXg0a3NyMkltbXRmCnlvRGtDTkIrYUpvSVlHbVZCY2l5dmIyOFFaRy93RUxoV3BjNGdmTXAxZGdIcldGRXRwdnZuSndua3FtZUdEazMKNndJREFRQUIKLS0tLS1FTkQgUFVCTElDIEtFWS0tLS0tCg==
2,05,127.0.0.1,2002,LS0tLS1CRUdJTiBQVUJMSUMgS0VZLS0tLS0KTUlJQklqQU5CZ2txaGtpRzl3MEJBUUVGQUFPQ0FROEFNSUlCQ2dLQ0FRRUE5ZkZCQ0NKY3dmMGhJM0hMNWVOSwpjM3JQb01uOUl0UlgzYUtRT1VQRFFuenF6OXRSR0dlakViNWJ5TjRMK285aTNaQW5lUkhlSGQ1SXZrYjZJa1JzCmUyQlFLVDdmWDhxYnlXdVhsWGcxNWF3K2RhaWJnay9kQ1RSTENadkQrdVlKU2p3VW1OZmg1TDg0MWg0Z0NrTWYKZ3ZuR0tUUWtkeUg2QnhNMmRCUzFUZGs5SXlTaXZocGR1Z0pEZFgrcEFMME04OTNzRERTTXRWRU41N3p0dlhzLwpkRGM2ZlRHU2hGOWkzbE16UzJYT01WT2o3NUtOQmZmS2ljMDF1MHNyWmtHdFdSRSs5VC9zRU02YU05TFV6R0Y4CjRZNjZZNUZmL0IxdXUvb2xGd0UreStHdkRpVnRpYXJFZVkwQTJlNHE0WVYzSy9ycTNrd1dqVHAwY0Jzbit0b3cKYndJREFRQUIKLS0tLS1FTkQgUFVCTElDIEtFWS0tLS0tCg==
2,06,127.0.0.1,2003,LS0tLS1CRUdJTiBQVUJMSUMgS0VZLS0tLS0KTUlJQklqQU5CZ2txaGtpRzl3MEJBUUVGQUFPQ0FROEFNSUlCQ2dLQ0FRRUF0Y2tqYk16WlpsMHlXNnI2dURPNQpob3Rya3I4VDJGVEptbGZrUFFSSzB6bUhHd05WeENkOHN5T1RSZmpNUnNST000ZFhDbmtGMXNIejhXMVhPazdYCm5NVkFMdkk1ZG54SzI1eEg0YlRMc29OTFBBczZNSGRENjFTS0dWaTh2SEJGdXdqcTFTSnlFWXNVc2hDVE9HQkkKUmxFSnE3aktlMTkyZmVqSWtZWWkyZmNOdmF4SUNaZERVbzd5eFdaV29oVWhEYUFMNmhJU3RvZWFwZ0pNcGFzdAp0UlM2dkdWSTdYQ0NMT2hPSnBFYzl1c3NyQ0VFbXhkczhWSzZsZTV3MXd6dTg4SUNOYWRhYXE0QTgxZE13Wld6Ck50THRlbXo5bzl2TmhBWWhJaXpZMmx3RFFxaWFZYjlvekgzWU5CRTV0aHJ0bTMzcVFLc3dLQXpsQU9LaHhrZFYKS1FJREFRQUIKLS0tLS1FTkQgUFVCTElDIEtFWS0tLS0tCg==
3,07,127.0.0.1,3001,LS0tLS1CRUdJTiBQVUJMSUMgS0VZLS0tLS0KTUlJQklqQU5CZ2txaGtpRzl3MEJBUUVGQUFPQ0FROEFNSUlCQ2dLQ0FRRUFxSHVBWDlzcDhFeVRzQThiQi9TZgpWSmtDeS9IdlcwbU1DZFFGSzBSekVYQlpQWXhGeE9JdEMrckRiRWxaWWFpNmxnU0NUYjROSUhuSnpoeWljQ1pQClE2NlM5SmZMcTdrRmJXV2dzWVdZRTk4VENLcVhkaDJtZFVCNlBjT0tFb0V1anZkb3Q3b2tCT2t5dnhXbE1KQWYKWWJ6aFV6bFNDUExFcjZ0dExGTnlRZCt0aDV0VlQ2eVoxd2RpUnN6dVQzMzhobkVqRnJiVjI0TUFrUzFBWGU2aQpwQnBBSWZtZEdmWGg4U1pJVkRCNzIxQU5vckcvcjJ5VE9Sd3h0MC8vTGl4a3VKOFQwdU9Uc3NEQVMydFVESTdYClRBTlFWb3lxRjFDNFJjTDBUdG9OQ0JLNFdWMnEzUjlvVUZzVnJTZGVRaE8zTXdrNG5CUGluWUVEK1ZHNTNhZnUKTlFJREFRQUIKLS0tLS1FTkQgUFVCTElDIEtFWS0tLS0tCg==
3,08,127.0.0.1,3002,LS0tLS1CRUdJTiBQVUJMSUMgS0VZLS0tLS0KTUlJQklqQU5CZ2txaGtpRzl3MEJBUUVGQUFPQ0FROEFNSUlCQ2dLQ0FRRUF2U3JYdURNM0FCeGVaMXl6OER6YgpjeWdpM1A3ZXFjdStMWXVWWW1nNG4rckgzWFp3bS9qbXkyM0hKREtQeGNLR0FhZnY1YzRqRmxFbHlwOGZKQURQClpMakpsRCtpYkNZOTMyTHhzUDBCcUZFUFhCbm1LeWhNeGo3MjRFd3pINFVqWHc4dk9XTTF6eFU2Z0NMRTN1US8KSVM0cHN6dDhEdFI0Z2NmK3RzdXJYenhYUWd5eWdyVno1em42eHorSXBPOXZNVXlYTUJrZ1hRay9xM25IYXNVbApEaXUxUmx1RTVZRXA5RWNjNjdnY1Z0T1NTeEY3RjNwUVFiSEdlSFRyV2kxZ21FNzl5Q0JoOUJvbnR1WGxyZk1vCnFCSVZvamoxYnI5MkVhNkI1RDhTQUZpSWdIQWdxWllPU0djbWl2eVppaUVEUU5rdzkrT1pYdDRBK1BUUDNNOUQKMndJREFRQUIKLS0tLS1FTkQgUFVCTElDIEtFWS0tLS0tCg==
3,09,127.0.0.1,3003,LS0tLS1CRUdJTiBQVUJMSUMgS0VZLS0tLS0KTUlJQklqQU5CZ2txaGtpRzl3MEJBUUVGQUFPQ0FROEFNSUlCQ2dLQ0FRRUFwcGZPKzhCSUQ5L1pycUJSVnVlZQptQSt4M0FrbktLWmhJTGZYelJWaVZKSzRiQU9hVDltMk5YaFlURnhjZ3lsNWtyUW9nTWVJOXZ4R3doUmJLRk9DCmpQNjhuZ3lOVWxxd2tXRlJ3MnM5eUY2U0RWc1YxakpwaWRSTFNPT1NKV09ycFoxZFF3NUc2TFJibUFNcExzc2EKeHMvdVdaOXFnM2FRbmlrRTF3dmxUQW0wL3lXRkgwdUJPbUFhM3Q3MkN5ejFuLzNHNU5GM2V1NFdoakFML3BUQgo3NGtzQUFiT2lkQythUThvaTJQV2Y4aGE4SVduTmN0QWJHL0dmZlFNUkRwU1FLR09xdVpBZjkyZFVLbmxqZ01FCkRLMWtYYnA1MCt1SkpIZHJzSU5qVkQ4d0dPcFI2NUF4NWw0TkRaNEUwRlltTVpIdDBRV2dieGdJL0txNnJtY08KSndJREFRQUIKLS0tLS1FTkQgUFVCTElDIEtFWS0tLS0tCg==
4,0A,127.0.0.1,4001,LS0tLS1CRUdJTiBQVUJMSUMgS0VZLS0tLS0KTUlJQklqQU5CZ2txaGtpRzl3MEJBUUVGQUFPQ0FROEFNSUlCQ2dLQ0FRRUFsSk1JUkliNVFTOFBtcG1BcDdFRQpVUk5YV0VUa2p0Y0oyZmo3MXB4ZC9wY0Zld1NTRkJNcXZudXFaOWZmZ0pCOEljY1pCM0QrVHROdXhsL0Y0RTNFCkZwbmp0VUNiUk9pbGdQN096cGNGdHp2azREaC96Y0FNU1drRzhXbTFWQU5RRU5KWXRnUnBWMzNTQjVxTWhiQTAKa2I3Qm1oTWlJOXNIYW5PT1NjWlF6aENYNTA0YUxjR3NFRG9EWkd6anBTM0Q3NXB5T2lBQWY0SGFYZjdVUDFGaAoxZ2xrbzNnZVloUkJRcjVVaTRTamZqdGFwUzh3YzZvNC94NzNiWVZIVmJPL3c2ZjdPMjcrN2J0N2FyRVdQWTdsCmFpcWp6elRXMVJDSE53WEJLWWJYME5DM2twRWxjaSsyRUJvVkg0TlQ2OVowNCtBWHBxOHNCOVhjcG13SUhtYkcKZndJREFRQUIKLS0tLS1FTkQgUFVCTElDIEtFWS0tLS0tCg==
4,0B,127.0.0.1,4002,LS0tLS1CRUdJTiBQVUJMSUMgS0VZLS0tLS0KTUlJQklqQU5CZ2txaGtpRzl3MEJBUUVGQUFPQ0FROEFNSUlCQ2dLQ0FRRUFyeThQcGp3RDllM3ZNeHNZZEZqbgpmTEUwTlY3Wm9Ed3pUc0pzYkRZeWhuMW1GTzhLQ2JFdkZzaGtVRk5pcFJNU0cwQTNNdXd0RithZExWM0JVTjhBClNtbm9XN1lYUSs4WVIwM01CV2VZNk5RRWNpbUJrOHZuMkV5TG1OdWFhbEx4SEdZNUMwU0F1bUtRamdLMlJyc2wKTkpyNlZHRSs5QXZxc0MvcHB1d1N0Rjk5YjJwNFZFSXpuSGQrYzZtMVk4Z2VtOFdIUGxxSGxib3hIVzJMc1hIcwpEbno5S1JuaWN0Z3NMMjRycWtuaGdSbFBSRTM5ZGo0Rnk2dDRvTmZRaHF3TTk2Unk3WDd0cXFTbWQ0bFRRaHJHCll2c3hCVzRiT2krSCthMHQyV3JxM25iMlN3TFdreWZEOHZmQWZ3Q0lzUGt5cUpGMnFPQURLZXIvU016NzFacVUKa1FJREFRQUIKLS0tLS1FTkQgUFVCTElDIEtFWS0tLS0tCg==
4,0C,127.0.0.1,4003,LS0tLS1CRUdJTiBQVUJMSUMgS0VZLS0tLS0KTUlJQklqQU5CZ2txaGtpRzl3MEJBUUVGQUFPQ0FROEFNSUlCQ2dLQ0FRRUFyK0dBTHVkU1FiZDZNQzhKejNxRQpMYmt6Rm9KMElOU0MxaFRsNnhHMUo3emdSeUMrWS9yR0pvUC9RaHgrOVlLS0V2dDRCbWdOcnV3WWY2MTRSdFBpCnI1MjMzbWdvS3VCWkwxUWx1Mk91L3Q1ZWJUckE5OVRCVXErVGcyZmc3R29XTDVNRjNtaEtjd0M2VUFZenlNQ3QKK3c5T0VyYy8ySVhlZW1aR3d4eVY2NTVUZTVUVUFMT2VvNXlQSDViT0hQNzhpK3FoejZUMlM4YzhrbTQ4RjNqOQpuOGIwWUdGWXN1dzhrRHVjUkI3eXpubGluRXNWS0J5eG5oekt3V0ZzaXR1VXIzd0pSVUZhcXE5TDROOXhsN2VnCmZEV0RtNGkxMTQxUHExaTlJZFVzdnJsNnZYSFdLeS9QdklpWW5aU2FXeWl0OXE5dnRGbXJONi8wdDhEdVJTU2gKbndJREFRQUIKLS0tLS1FTkQgUFVCTElDIEtFWS0tLS0tCg==
